country,Bioethanol_barley_wheat_grain_maize_oats_other_cereals_rye_2010,Bioethanol_barley_wheat_grain_maize_oats_other_cereals_rye_2020,Bioethanol_barley_wheat_grain_maize_oats_other_cereals_rye_2030,Bioethanol_barley_wheat_grain_maize_oats_other_cereals_rye_2040,Bioethanol_barley_wheat_grain_maize_oats_other_cereals_rye_2050,FuelwoodRW_2010,FuelwoodRW_2020,FuelwoodRW_2030,FuelwoodRW_2040,FuelwoodRW_2050,Miscanthus_switchgrass_RCG_2010,Miscanthus_switchgrass_RCG_2020,Miscanthus_switchgrass_RCG_2030,Miscanthus_switchgrass_RCG_2040,Miscanthus_switchgrass_RCG_2050,Poplar_2020,Poplar_2030,Poplar_2040,Poplar_2050,Rape_seed_2010,Rape_seed_2020,Rape_seed_2030,Rape_seed_2040,Rape_seed_2050,Sugar_from_sugar_beet_2010,Sugar_from_sugar_beet_2020,Sugar_from_sugar_beet_2030,Sugar_from_sugar_beet_2040,Sugar_from_sugar_beet_2050,Willow_2020,Willow_2030,Willow_2040,Willow_2050
AL,15.6787110847422,15.1611862786631,16.8976858446274,19.9160623255565,22.9344388064856,1.8783220197136,1.73028640505858,1.55725776455272,1.40153198809745,1.26137878928771,3.04211302034898,3.04211302034898,2.82822082167151,3.26175251725162,3.3583445554086,7.91490189555608,7.46112925176004,8.63176741620231,8.87927081596765,0.0,0.0,0.0,0.0,0.0,4.32270056314874,4.52553915170823,4.32533929857408,4.32494917573291,4.32455905289174,6.91230682709535,6.43850738112073,7.58911874338442,7.81659534097118
AT,12.5048546315272,13.5607368764382,18.3163230986795,18.6816661178147,18.9967439142686,4.95787799837893,4.59817011106733,4.17805222441733,3.80018289055301,3.46093085551392,4.86094908421306,4.86094908421306,4.64986711056841,4.91123448784674,5.04806313687376,0.0,0.0,0.0,0.0,20.4627535587832,23.3844514067878,33.5245764337614,33.5906632782936,33.6073357821816,3.73134243600203,3.77642280648532,4.02890046823905,4.05405588247503,4.07921129671101,9.7576928017185,9.3148852661316,10.2016199231094,10.6784570621552
BA,15.4425578525472,14.9349857582037,16.6380900561423,19.5984190180517,22.5587479799611,1.8783220197136,1.73028640505858,1.55725776455272,1.40153198809745,1.26137878928771,3.58033357336795,3.58033357336795,2.82822082167151,3.26175251725162,3.92243388802101,9.08226484930012,7.46112925176004,8.63176741620231,10.1165878748554,0.0,0.0,0.0,0.0,0.0,5.06579731723605,4.52553915170823,4.65882690063239,5.33279670067489,6.0067665007174,7.41127306853225,6.43850738112073,7.58911874338442,8.34546208319466
BE,12.1463875911435,12.8048790045562,17.5505081862165,17.9642565400718,18.3758063042422,5.05947332898952,4.69312225915142,4.26516921906033,3.88003079316165,3.53347907555249,5.66476224129345,5.66476224129345,5.04556312551002,5.70497222246353,5.73066273053498,0.0,0.0,0.0,0.0,20.5531741902195,23.4958379925825,33.7111441150315,33.6684561451067,33.6257681751819,3.7483714471094,3.79345181759268,4.04592947934641,4.07108489358239,4.09624030781838,9.749926904871,8.33492759924351,10.38405940167,10.5907598843994
BG,11.4312970051426,12.6280093878346,17.272364145696,17.6006023192111,17.9127781489068,4.18638952812182,3.87822430957387,3.51803105859473,3.19387807895667,2.90211682167772,2.93933849068441,2.93933849068441,3.04244903477205,2.97864379111752,2.81547846254777,0.0,0.0,0.0,0.0,15.8450678340636,13.7748344160122,26.1500410897533,26.3140953767106,26.1448155642794,7.69577774336956,3.67153636788546,3.92338646552975,3.94830996534803,3.97323346516632,7.6086883869706,8.13318330088482,7.89215026492681,7.52460524184263
CH,,,,,,4.95787799837893,4.59817011106733,4.17805222441733,3.80018289055301,3.46093085551392,0.0,,,,,0.0,0.0,0.0,0.0,0.0,0.0,0.0,0.0,0.0,,,,,,11.1033363441284,8.91097871919562,9.9281440457164,10.0323550795862
CY,33.6136475134398,41.5483272185316,65.2370986292951,68.5509118333991,71.8647250375031,0.0,0.0,0.0,0.0,0.0,5.51036161654203,5.51036161654203,5.20811968333351,5.22432731310819,5.27100501208537,13.0127084737572,12.259836215192,12.4280407311749,12.6754147730488,0.0,0.0,0.0,0.0,0.0,7.76522055441341,6.91563035491583,7.42082893113446,8.34074756417503,9.26066619721561,0.0,0.0,0.0,0.0
CZ,11.2818202794604,12.5535416714761,16.9237092587433,17.2526497834008,17.5841238295379,4.74748766660376,4.39680198956916,3.98690635542506,3.61803114097386,3.28605629751666,3.19696070655366,3.19696070655366,2.91316864906364,2.87425338762453,2.87086088554128,0.0,0.0,0.0,0.0,18.769236654285,21.7232445550766,31.3548246513681,31.0861824874105,30.763825916437,3.66335939179368,3.70415316694912,3.95754244737821,3.98207718941213,4.00661193144606,7.62487832895963,6.73951609656842,6.49845380420155,6.38568473875947
DE,13.5686414247213,14.844192873083,19.6675528281111,19.7364841405302,19.9263729109834,5.03263716331001,4.66678641386619,4.23918904013943,3.85437624358283,3.50804041888569,5.96990453786623,5.96990453786623,5.36812848044807,5.23053276208826,5.10447618751095,0.0,0.0,0.0,0.0,20.4590943183371,23.4017581207001,33.6170642431491,33.5743762732243,33.5316883032995,3.7304316623831,3.77551203286638,4.02798969462011,4.05314510885609,4.07830052309208,11.8028301549323,10.3392919852348,10.1369575124968,9.9515699307768
DK,13.3044642606131,14.6994902137531,19.9302181323979,20.3861486562182,20.9100542699814,4.29687021630438,4.0008870013178,3.65472540170075,3.34326898156842,3.06299221506576,9.73802922535583,9.73802922535583,10.0339543644261,9.76510243042813,0.0,0.0,0.0,0.0,0.0,21.034384971038,23.9770487734011,34.1923548958501,34.1496669259253,34.1069789560005,5.28926176758417,5.35524206283271,5.72477209303393,5.76158992839322,5.79840776375252,17.8191995895684,18.7571713899328,18.3436560923827,0.0
EE,11.6451698169275,12.0514970056336,16.3122339870373,16.6000288235016,16.8646687106996,4.31983419837128,4.00277750954189,3.63219176935169,3.29866460318051,2.99849015362645,2.9785766370495,2.9785766370495,2.98036032661396,3.26249235710041,3.26301999156893,0.0,0.0,0.0,0.0,0.0,0.0,0.0,0.0,0.0,7.72570922170777,6.87611902221018,7.38131759842881,8.30123623146939,9.22115486450996,7.88854318751596,7.96568125625623,8.91882383258156,8.93054067156757
EL,19.3530797055943,20.0383800763438,28.8174400440666,29.8329631975799,31.0056230593492,4.60236787469446,4.26751772411747,3.8761302995495,3.52388303537522,3.20686228851151,7.43601019783367,7.43601019783367,8.15007409685004,7.9658939596722,7.82505059698353,16.9139457525008,16.5056334611602,15.956897601375,15.5369341194641,20.551231072584,23.1735121745969,33.3521273703886,33.1970656124529,33.1771673860997,3.69607617041804,3.74115654090133,3.99363420265505,4.01878961689104,4.04394503112702,0.0,0.0,0.0,0.0
ES,14.1628254630301,15.3209554102623,21.297161205554,22.1049334999896,22.8132264913114,5.28314741151336,4.89612865287659,4.44381941625004,4.0367048290626,3.67029635567028,7.35203834852057,7.35203834852057,6.73085516923399,6.60444371501915,6.53241491426393,16.7461247358545,15.2991678076955,14.9912994517344,14.7795309309734,20.8596372201702,23.2779086294032,33.5379391942955,33.4891365867923,33.4396825778002,3.71042699516977,3.75550736565306,4.00798502740679,4.03314044164277,4.05829585587875,0.0,0.0,0.0,0.0
FI,12.5331287219067,13.6894222250427,18.3607480303125,18.7872919580711,19.1875137372195,5.74894848371166,5.32911550510486,4.83839531710286,4.39668571492788,3.99916439953011,5.3692204861267,5.3692204861267,4.95084862603109,4.72963388990288,4.64171884507552,0.0,0.0,0.0,0.0,0.0,0.0,0.0,0.0,0.0,3.76049219821818,3.80557256870147,4.0580502304552,4.08320564469118,4.10836105892717,13.4830139793692,12.3869972574052,11.937257511274,11.7780894016533
FR,13.4761893787585,14.7438394220764,20.1690265490719,20.4823013148189,20.8071654327353,4.72997838412239,4.38853947608146,3.98968314834304,3.63135267150427,3.30879941322609,5.64228211785625,5.64228211785625,4.99318500779638,4.86546554430276,4.75231883866504,13.1570829814923,11.4812045807639,11.2917077767468,11.1226235554188,20.5169787654143,23.3090012916982,33.5540162266712,33.6111865985731,33.6041624654767,3.74046817866756,3.78554854915085,4.03802621090457,4.06318162514056,4.08833703937654,10.5610024280016,9.11607407956506,8.96070104870566,8.83210117314055
HR,13.3218504450368,14.6628801571323,13.37351477857,13.6866555710137,13.9994430939832,2.15944062195279,2.01140452171738,1.83837588036093,1.68265009625675,1.5424968448493,0.0,0.0,3.57103525917678,4.01108991750135,4.11420491840279,0.0,8.0085993490449,9.18336090223329,9.43498769074475,0.0,0.0,0.0,0.0,0.0,4.30142371258802,4.5042623011475,4.30406244801335,4.30367232517218,4.30328220233101,0.0,7.68960370839734,8.85902010824033,9.10530174340639
HU,11.7202010116998,12.8465811431898,17.4423109057556,17.8716988645588,18.3003985954968,3.59935539378958,3.33864193562647,3.0338971724226,2.75958548871175,2.5127235480364,2.93518430191996,2.93518430191996,2.83842069669952,2.76449078607667,2.75777016460972,0.0,0.0,0.0,0.0,19.859443641289,22.2864902803524,31.5317740691003,31.5008175727836,31.2925203231126,3.65190300062419,3.69269677577963,3.94608605620872,3.97062079824264,3.99515554027657,7.51317942335827,7.18578820135416,6.97019606645024,6.95389992831158
IE,10.9647592353716,12.2876342697923,16.7039744046052,17.3384371002654,17.9901755753019,4.58807932222546,4.2576129473669,3.87134783053192,3.52371024181975,3.21083459048393,4.92862287564401,4.92862287564401,4.97564863746768,5.16771421379238,5.07848712275858,0.0,0.0,0.0,0.0,0.0,0.0,0.0,0.0,0.0,7.80749502964301,6.95790483014543,7.46310340636405,8.38302203940463,9.30294067244521,9.93076970789868,10.2246609566692,10.9023948224828,10.7878080301235
IS,,,,,,0.0,0.0,0.0,0.0,0.0,0.0,,,,,0.0,0.0,0.0,0.0,0.0,0.0,0.0,0.0,0.0,,,,,,0.0,0.0,0.0,0.0
IT,17.2198370118001,18.2715503946178,25.1749997767364,26.2759215449446,27.5765002323174,4.72672825960383,4.38916024926629,3.99511628430059,3.64107586517476,3.32124972684925,7.45557008819583,7.45557008819583,7.45830992435077,7.46194829120684,7.38585714770424,18.2582147109201,18.2372411805941,18.0799448642706,17.6956729904668,19.8494712783365,23.4591733839203,33.6185862663005,33.644078670196,33.6383494102611,3.75352595830204,3.79860632878532,4.05108399053905,4.07623940477504,4.10139481901102,0.0,0.0,0.0,0.0
LT,10.4937580470807,11.8331398190545,16.1844777448971,16.4052368500797,16.6579640147591,4.59644189234813,4.25542763105484,3.8568395334393,3.49811024558532,3.17525388651674,2.37738110318266,2.37738110318266,2.14191800942681,2.65420110981392,2.66985130288452,0.0,0.0,0.0,0.0,18.6323449572133,21.6276994147858,31.3139346457203,30.9705216489426,30.6271086521649,3.63981964000596,3.6806134151614,3.93400269559049,3.95853743762441,3.98307217965834,6.91691008769303,6.17725071747373,7.92195919094102,7.97026376445696
LU,12.1463875911435,12.8048790045562,17.5505081862165,17.9642565400718,18.3758063042422,5.04726470969821,4.68118210250383,4.25329334084806,3.86819345535787,3.5216035584167,7.09337049704019,7.09337049704019,6.9206350568577,6.76912984579912,6.62846506021327,0.0,0.0,0.0,0.0,0.0,0.0,0.0,0.0,0.0,3.7483714471094,3.79345181759268,4.04592947934641,4.07108489358239,4.09624030781838,10.9267857281928,10.7609042184495,10.6215393722599,10.4884796168211
LV,11.0522427846324,12.3116521254996,16.8268925478345,17.0057090590649,17.1603135436365,4.31789743748991,3.99979961266792,3.62799696027858,3.29337457312817,2.99221442469281,2.51318774573739,2.51318774573739,2.12951705114692,2.70471782876368,3.09574355230535,0.0,0.0,0.0,8.93568786407503,0.0,0.0,0.0,0.0,0.0,3.65135031514319,3.69214409029864,3.94553337072772,3.97006811276165,3.99460285479557,7.10253691232247,5.90809480059945,7.79869879107383,8.62053578315479
ME,,,,,,1.8783220197136,1.73028640505858,1.55725776455272,1.40153198809745,1.26137878928771,3.58033357336795,3.58033357336795,3.37506430122163,3.81721892333288,3.92243388802101,9.08226484930012,8.651810240552,9.84576644004218,10.1165878748554,0.0,0.0,0.0,0.0,0.0,0.0,0.0,0.0,0.0,0.0,7.41127306853225,6.94744045615315,8.10801865201237,8.34546208319466
MK,14.7481203037139,14.1768390885799,16.1268712868948,18.9613360590626,21.7958008312305,1.8783220197136,1.73028640505858,1.55725776455272,1.40153198809745,1.26137878928771,3.58033357336795,3.58033357336795,3.37506430122163,3.81721892333289,3.92243388802101,9.08226484930012,8.651810240552,9.84576644004218,10.1165878748554,0.0,0.0,0.0,0.0,0.0,4.98886290942324,4.36179633708714,4.24840489076127,4.2480147679201,4.24762464507893,7.41127306853225,6.94744045615315,8.10801865201237,8.34546208319466
MT,16.8017358630826,15.773568992996,21.4731766025801,21.6280634278669,21.7829502531538,4.27700176807785,3.9399197454146,3.54592777087314,3.19133499378583,2.87220149440724,0.0,0.0,0.0,0.0,0.0,0.0,0.0,0.0,0.0,0.0,0.0,0.0,0.0,0.0,7.7381441196977,6.88855392020012,7.39375249641875,8.31367112945932,9.2335897624999,0.0,0.0,0.0,0.0
NL,12.9095455704896,14.0807413567401,18.8679168353029,19.1095040365244,19.3886891271688,5.73644188994501,5.3184929906402,4.82983095276747,4.38987516173598,3.99400113773882,8.43044157331711,8.43044157331711,7.68705817401068,7.45497106508167,7.24344788565572,0.0,0.0,0.0,0.0,20.6121874717344,23.5512770937816,33.7690506406165,33.7253195102606,33.6806003756373,3.75879722425458,3.80387759473786,4.05635525649159,4.08151067072758,4.10666608496356,15.0997049243249,13.4790914537849,13.1587273866388,12.8706855890662
NO,22.2664615673322,21.1781820438726,22.6716997798701,25.8472317917504,29.0227638036308,4.61598348174255,4.28828316075531,3.90539346919754,3.56085433079,3.25082184453635,6.0,6.0,6.88942087951011,7.32759075924165,7.42882098155006,0.0,0.0,0.0,0.0,0.0,0.0,0.0,0.0,0.0,3.89917660451418,3.51665823723584,3.74411817573416,4.15830112387516,4.57248407201616,0.0,11.5464143276974,12.7196481157274,12.9697471390806
PL,10.806966416827,11.938580291847,16.1680203854036,16.231051634984,16.2730956985415,4.7472060313136,4.39584877349221,3.98517634292141,3.61556788787911,3.28291662141659,4.15634164729507,4.15634164729507,3.74059809733488,3.68262551013666,3.6593412266101,0.0,0.0,0.0,0.0,18.7034836700474,21.6844581016431,31.3619357830726,31.0243038440678,30.6810579557676,3.64962143735262,3.69041521250806,3.94380449293715,3.96833923497107,3.992873977005,8.92505446914698,7.77328033188072,7.79239260287967,7.91013913968497
PT,14.4918271990361,15.0514803554974,20.6292020375255,21.2828397750215,21.9437341272537,5.26969931687375,4.87885519077724,4.422020633906,4.01087986728854,3.64084882839979,4.59263480757897,4.59263480757897,4.31232037485054,4.27939971052381,4.33730903378562,11.437740259813,10.9464962567381,10.3866998340604,10.2207441274267,20.6476901962872,23.6283318271478,33.8152568965183,33.7687513734985,33.5831988298332,3.66989316833028,3.71497353881356,3.96745120056729,3.99260661480327,4.01776202903926,9.37227261979445,0.0,0.0,0.0
RO,16.912350534496,18.1935027585526,25.6057347958661,26.3948208135055,27.1418742332424,3.79035943953399,3.51202442440843,3.18670299812097,2.89391279498267,2.63040023398372,2.61714990126038,2.61714990126038,2.50578893650038,2.57832114106025,2.63729518475137,0.0,0.0,0.0,0.0,17.9804330200031,13.5555352723441,27.3854922241619,27.4661962356613,27.9287633214821,3.62536691223024,3.66376546470958,3.91561556235387,3.94053906217215,3.96546256199044,6.82471288619563,6.47482171481358,6.73990925914705,6.96184567474096
RS,14.1551037795087,13.6412479542776,14.6166786431217,17.1250052126629,19.6333317822041,1.8783220197136,1.73028640505858,1.55725776455272,1.40153198809745,1.26137878928771,3.5805779833193,3.5805779833193,2.82822082167151,3.26175251725162,3.91770717056799,9.08157693453778,7.46112925176004,8.63176741620231,10.0971806492036,0.0,0.0,0.0,0.0,0.0,4.32270056314874,4.52553915170823,4.32533929857408,4.32494917573291,4.32455905289174,7.4105851537699,6.43850738112073,7.58911874338442,8.3260548575428
SE,13.2819931044064,13.9773275072376,18.3890009976738,19.034650852983,19.6715866317599,5.96444173469812,5.52966919418164,5.02149907106304,4.56405183136125,4.15251726407969,7.99216007453298,7.99216007453298,7.40058773518134,7.29469303664962,7.28607517981003,0.0,0.0,0.0,0.0,20.7455104148016,23.6881742171647,33.9034803396136,33.8607923696888,33.818104399764,3.78504741610291,3.83012778658619,4.08260544833992,4.1077608625759,4.13291627681189,14.0310540614719,12.9559919683295,13.0423088300956,13.2050620217531
SI,13.2586539768658,12.0138967662898,16.0025433039416,16.4232131393612,16.8547527288963,4.20053742688119,3.89519438920168,3.53830769980418,3.21710611707753,2.92803811148943,3.51229855149513,3.51229855149513,3.0632174811157,3.0142875099036,2.97058600635832,10.229393643255,8.9167478550196,8.78246181104376,8.65934627259507,19.1024481698295,0.0,0.0,29.8016318432989,0.0,7.74492671050622,6.89533651100864,7.40053508722727,8.32045372026784,9.24037235330842,0.0,0.0,0.0,0.0
SK,11.2660410070209,12.4764184425286,16.8866502168195,17.196926007453,17.5021065685093,4.00389308432985,3.71199670772288,3.37082727662497,3.06377494214679,2.78742724703927,3.04639739007991,3.04639739007991,2.65662745000211,3.23996713254623,3.47890485631079,0.0,0.0,0.0,0.0,18.9421894077102,22.024119545952,31.318176077908,31.1039268873513,30.7545561647473,3.66236115828343,3.70315493343887,3.95654421386796,3.98107895590188,4.00561369793581,7.12459617630321,5.99492244316868,7.67746887815694,8.13110636336134
UK,13.3571312462039,14.7983794436478,20.2942698553095,20.8032070222758,21.3125207592842,6.42708226774116,4.08164794485024,3.71714835724038,3.38907159300138,3.09382254371489,7.39987687975625,7.39987687975625,6.68510401675309,6.61262256069683,6.78636259080165,0.0,0.0,0.0,0.0,20.6440802046423,23.5867440070053,33.8020501294543,33.7593621595295,33.7166741896047,3.76570601928132,3.8107863897646,4.06326405151833,4.08841946575432,4.1135748799903,10.3935494074182,8.92768964028396,9.06435236134231,9.89963660122776
