country,Roundwood_fuelwood_2010,Roundwood_fuelwood_2030,Roundwood_fuelwood_2050,Roundwood_chips_and_pellets_2010,Roundwood_chips_and_pellets_2030,Roundwood_chips_and_pellets_2050,Forest_residues_chips_pellets_2010,Forest_residues_chips_pellets_2030,Forest_residues_chips_pellets_2050
AL,1.9,1.6,1.3,3.6,3.0,2.4,2.6,2.2,1.8
AT,5.0,4.2,3.5,10.4,8.7,7.1,6.1,5.1,4.2
BE,5.1,4.3,3.5,10.6,8.9,7.3,6.2,5.2,4.3
BG,4.2,3.5,2.9,4.1,3.5,2.9,3.2,2.7,2.2
BH,1.9,1.6,1.3,3.6,3.0,2.4,2.6,2.1,1.7
CH,5.0,4.2,3.5,10.4,8.7,7.1,6.1,5.1,4.3
CY,,,,,,,,,
CZ,4.7,4.0,3.3,10.0,8.4,6.8,5.8,4.9,4.0
DE,5.0,4.2,3.5,9.9,8.3,6.8,6.2,5.2,4.3
DK,4.3,3.7,3.1,8.3,7.0,5.8,5.1,4.4,3.7
EE,4.3,3.6,3.0,4.3,3.6,3.0,3.3,2.8,2.3
ES,5.3,4.4,3.7,11.1,9.3,7.6,6.4,5.4,4.5
FI,5.7,4.8,4.0,12.1,10.1,8.3,7.1,6.0,4.9
FR,4.7,4.0,3.3,9.9,8.3,6.8,5.6,4.7,3.9
GR,4.6,3.9,3.2,9.7,8.1,6.6,5.5,4.7,3.8
HR,2.2,1.8,1.5,4.0,3.3,2.8,3.0,2.6,2.1
HU,3.6,3.0,2.5,3.6,3.0,2.5,2.8,2.4,2.0
IE,4.6,3.9,3.2,9.9,8.3,6.8,5.7,4.8,4.0
IS,,,,,,,,,
IT,4.7,4.0,3.3,9.8,8.2,6.8,5.7,4.8,4.0
LT,4.6,3.9,3.2,4.5,3.8,3.1,3.5,3.0,2.5
LU,5.0,4.3,3.5,10.6,8.8,7.3,6.3,5.3,4.4
LV,4.3,3.6,3.0,4.3,3.6,3.0,3.3,2.8,2.3
ME,1.9,1.6,1.3,,,,1.9,1.6,1.3
MK,1.9,1.6,1.3,3.6,3.0,2.4,2.3,1.9,1.5
MT,,,,,,,,,
NL,5.7,4.8,4.0,12.0,10.1,8.3,4.2,3.6,3.0
NO,4.6,3.9,3.3,9.6,8.1,6.6,5.7,4.8,4.0
PL,4.7,4.0,3.3,4.7,3.9,3.2,3.5,3.0,2.5
PT,5.3,4.4,3.6,11.2,9.3,7.6,6.5,5.5,4.5
RO,3.8,3.2,2.6,3.7,3.1,2.6,2.8,2.4,2.0
RS,1.9,1.6,1.3,,,,1.9,1.6,1.3
SE,6.0,5.0,4.2,12.5,10.5,8.6,7.4,6.2,5.1
SI,4.2,3.5,2.9,4.2,3.5,2.9,3.2,2.7,2.3
SK,4.0,3.4,2.8,4.0,3.3,2.8,3.0,2.5,2.1
UK,6.4,3.7,3.1,13.4,7.7,6.3,7.4,7.4,6.0
