country,Secondary_forestry_residues_woodchips_2010,Secondary_forestry_residues_woodchips_2030,Secondary_forestry_residues_woodchips_2050,Secondary_forestry_residues_sawdust_2010,Secondary_forestry_residues_sawdust_2030,Secondary_forestry_residues_sawdust_2050
AL,1.9,1.7,1.4,1.7,1.5,1.3
AT,2.8,2.4,2.0,2.5,2.2,1.8
BE,2.3,2.0,1.7,2.5,2.2,1.9
BG,2.7,2.3,1.9,1.8,1.6,1.3
BH,1.9,1.7,1.4,1.7,1.5,1.3
CH,2.8,2.4,2.0,2.5,2.2,1.8
CY,,,,,,
CZ,3.0,2.5,2.1,2.0,1.7,1.4
DE,3.5,3.0,2.5,2.5,2.2,1.8
DK,3.0,2.6,2.2,2.5,2.2,1.9
EE,2.1,1.8,,1.9,1.7,1.7
ES,3.0,2.6,2.2,2.7,2.3,1.9
FI,2.6,2.2,1.9,2.0,1.7,1.5
FR,3.1,2.7,2.2,2.4,2.0,1.7
GR,2.8,2.4,2.0,2.2,1.9,1.6
HR,,1.7,1.3,,1.8,1.5
HU,3.1,2.6,2.2,2.5,2.1,1.8
IE,4.2,3.5,2.9,2.7,2.3,1.9
IS,,,,,,
IT,3.3,2.8,2.4,2.8,2.4,2.1
LT,2.0,1.7,1.5,1.9,1.6,1.4
LU,2.9,2.4,2.1,2.5,2.2,1.8
LV,1.8,1.6,1.3,1.8,1.6,1.3
ME,1.9,1.7,1.4,1.7,1.5,1.3
MK,1.9,1.7,1.4,1.7,1.5,1.3
MT,,,,,,
NL,3.0,2.6,2.2,2.5,2.2,1.8
NO,2.9,2.7,2.3,2.1,1.8,1.6
PL,3.0,2.5,2.1,1.7,1.5,1.3
PT,2.9,2.4,2.0,2.4,2.1,1.7
RO,1.9,1.7,1.4,1.7,1.5,1.3
RS,1.9,1.7,1.4,1.7,1.5,1.3
SE,2.8,2.4,2.1,2.0,1.8,1.5
SI,2.5,2.1,1.8,1.9,1.6,1.4
SK,2.5,2.1,1.8,2.4,2.0,1.7
UK,2.3,1.8,1.6,2.2,1.8,1.5
