country,Sugar_beet_2010,Sugar_beet_2030,Sugar_beet_2050,Oil_crops_rapeseed_sunflower_soya_2010,Oil_crops_rapeseed_sunflower_soya_2030,Oil_crops_rapeseed_sunflower_soya_2050,Starchy_crops_barley_wheat_maize_oats_rye_2010,Starchy_crops_barley_wheat_maize_oats_rye_2030,Starchy_crops_barley_wheat_maize_oats_rye_2050
AL,,,,,,,,,
AT,3.7,4.0,4.1,20.5,33.5,33.6,12.5,18.3,19.0
BE,3.7,4.0,4.1,20.6,33.7,33.6,12.1,17.6,18.4
BG,,3.9,4.0,15.8,26.2,26.1,11.4,17.3,17.9
BH,,,,,,,,,
CH,,,,,,,,,
CY,,,,,,,,,
CZ,3.7,4.0,4.0,18.8,31.4,30.8,11.3,16.9,17.6
DE,3.7,4.0,4.1,20.5,33.6,33.5,13.6,19.7,19.9
DK,5.3,5.7,5.8,21.0,34.2,34.1,13.3,19.9,20.9
EE,,,,,,,11.6,16.3,16.9
ES,,4.0,4.1,20.9,33.5,33.4,14.2,21.3,22.8
FI,,,,,,,12.5,18.4,19.2
FR,3.7,4.0,4.1,20.5,33.6,33.6,13.5,20.2,20.8
GR,,4.0,4.0,20.6,33.4,33.2,19.4,28.8,31.0
HR,,,,,,,13.3,13.4,14.0
HU,,3.9,4.0,19.9,31.5,31.3,11.7,17.4,18.3
IE,,,,,,,11.0,16.7,18.0
IS,,,,,,,,,
IT,,4.1,4.1,19.8,33.6,33.6,17.2,25.2,27.6
LT,3.6,3.9,4.0,18.6,31.3,30.6,10.5,16.2,16.7
LU,,,,,,,12.1,17.6,18.4
LV,,,,,,,11.1,16.8,17.2
ME,,,,,,,,,
MK,,,,,,,,,
MT,,,,,,,,,
NL,3.8,4.1,4.1,20.6,33.8,33.7,12.9,18.9,19.4
NO,,,,,,,,,
PL,3.6,3.9,4.0,18.7,31.4,30.7,10.8,16.2,16.3
PT,,4.0,4.0,20.6,33.8,33.6,,20.6,21.9
RO,,3.9,4.0,18.0,27.4,27.9,16.9,25.6,27.1
RS,,,,,,,,,
SE,3.8,4.1,4.1,20.7,33.9,33.8,13.3,18.4,19.7
SI,,,,,,,,16.0,16.9
SK,3.7,4.0,4.0,18.9,31.3,30.8,11.3,16.9,17.5
UK,3.8,4.1,4.1,20.6,33.8,33.7,13.4,20.3,21.3
