feedstock,LHV_GJ_per_t
Animal waste,23.67
Saw Dust,14.71
Municipal solid waste,5.2
Grassland Cuttings,14.83
Sewage Sludge,8.71
Straw from Cereals,14.64
Verge Grass,5.42
Olive Pits,18.78
Landfill gas,21.0
Husks from Fruit,7.05
Used fats/oils,36.0
Landscape care wood,15.89
paper cardboard,15.21
Post consumer wood,15.66
Other industrial wood residues,16.04
Roundwood/stemwood,14.15
Perennials: woody crops,14.15
Perennials: grassy crops,12.54
Post-consumer wood,15.66
Dry Manure,9.44
Primary Forestry Residues,15.89
Wet manure (corrected assuming wet manure and conversion to biogass),0.94
Sawmill by-products (excl saw dust),13.55
Maize,17.02
Cereals,15.45
Primary forestry residues dry,19.19
Sugar Beet,16.6
Black Liquor,11.67
Sweet Sorghum,16.24
Grass (fresh,14.83
Rape,18.62
Soya,18.62
Sunflower,18.43
