country,Sugarbeet_bioethanol_2010,Sugarbeet_bioethanol_2030,Sugarbeet_bioethanol_2050,Oil_crops_other_than_rapeseed_sunflower_soya_2010,Oil_crops_other_than_rapeseed_sunflower_soya_2030,Oil_crops_other_than_rapeseed_sunflower_soya_2050,Rapeseed_biodiesel_2010,Rapeseed_biodiesel_2030,Rapeseed_biodiesel_2050,Starchy_crops_barley_wheat_maize_oats_rye_2010,Starchy_crops_barley_wheat_maize_oats_rye_2030,Starchy_crops_barley_wheat_maize_oats_rye_2050,Dedicated_perennials_miscanthus_switchgrass_RCG_2020,Dedicated_perennials_miscanthus_switchgrass_RCG_2030,Dedicated_perennials_miscanthus_switchgrass_RCG_2050,Willow_2020,Willow_2030,Willow_2050
AL,16.4417,27.5,27.5,51.9,39.1,26.2,39.0,39.0,39.0,16.1,17.2,16.3,14.5,14.4,14.1,15.5,15.6,15.6
AT,16.9,16.9,16.9,14.0,13.9,16.9,21.0,21.0,21.0,10.6,9.3,9.3,21.3,21.2,21.1,15.0,15.0,14.9
BA,16.525,26.8833,26.8833,25.5,22.5333,23.1667,33.5167,33.5167,33.5167,11.6,11.5,11.5,14.5,14.4,14.1,36.55,37.3667,40.2167
BE,31.2,31.2,31.2,23.95,22.85,24.95,37.8,37.8,37.8,26.0,26.8,26.3,20.5,20.5,20.5,16.4,16.4,16.4
BG,16.4,22.9,22.9,15.9,15.2,15.4,1.5,1.5,1.5,9.9,9.1,9.2,15.0,15.0,15.0,15.5,15.6,15.6
CH,21.7,22.125,22.125,17.2,17.5,19.6,26.425,26.425,26.425,15.15,12.825,12.6,21.5,21.5,21.45,17.9,17.9333,17.9333
CY,16.4,25.2,25.2,33.9,27.15,20.8,20.25,20.25,20.25,13.0,13.15,12.75,13.8,13.8,13.5,15.5,15.6,15.6
CZ,20.3,20.3,20.3,13.2,5.5,8.4,27.8,27.8,27.8,13.5,11.9,11.7,18.5,18.5,18.1,14.4,14.3,14.2
DE,22.3,22.3,22.3,21.06,16.84,18.24,19.4,19.4,19.4,16.0,7.7,6.7,25.4,25.4,25.4,23.7,23.6,23.7
DK,29.8,29.8,29.8,21.06,16.84,18.24,32.6,32.6,32.6,16.1,20.7,22.2,37.5,37.5,37.5,15.5,15.7,15.9
EE,18.3,18.3,18.3,30.2,19.1,16.0,41.8,41.8,41.8,39.0,27.4,27.0,43.8,43.9,44.0,19.8,19.9,19.9
ES,25.9,23.6,23.6,33.7,33.7,33.7,26.3,19.9,19.9,14.3,11.3,13.1,14.9,15.0,15.0,16.8,16.8,16.8
FI,0.1,0.1,0.1,21.06,16.84,18.24,98.1,98.1,98.1,44.3,40.3,43.2,42.0,42.3,43.1,24.6,24.6,24.4
FR,25.9,25.9,25.9,22.2,20.0,24.2,26.3,26.3,26.3,17.9,19.1,18.1,18.5,18.6,18.6,15.0,15.2,15.2
GB,28.8,28.8,28.8,24.825,24.275,25.325,20.6,20.6,20.6,11.3,11.6,11.6,15.9,15.9,15.6,24.6,24.6,24.4
GR,16.4,27.5,27.5,51.9,39.1,26.2,39.0,39.0,39.0,16.1,17.2,16.3,14.3,14.2,14.0,15.5,15.6,15.6
HR,16.65,26.1,26.1,32.6,28.2,29.4,42.5,42.5,42.5,11.6,11.5,11.5,20.42,20.42,20.52,46.8,48.0,52.3
HU,16.4,26.1,26.1,32.6,28.2,29.4,47.4,47.4,47.4,21.9,22.1,22.1,41.3,41.6,43.0,46.8,48.0,52.3
IE,28.8,28.8,28.8,24.3875,23.5625,25.1375,33.2,33.2,33.2,13.7,10.2,9.8,61.2,61.2,61.2,24.6,24.6,24.4
IS,14.45,14.45,14.45,22.7238,20.2012,21.6888,46.825,46.825,46.825,22.125,18.725,19.25,48.55,48.575,48.7,22.325,22.375,22.275
IT,21.4,23.4,23.4,15.4,18.6,17.7,39.0,39.0,39.0,16.1,15.2,16.3,20.8,20.8,20.7,15.0,15.1,15.05
LT,18.3,18.3,18.3,30.2,19.1,16.0,26.9,26.9,26.9,6.3,6.2,6.5,43.8,43.9,44.0,19.8,19.9,19.9
LU,31.2,31.2,31.2,22.2,20.0,24.2,37.8,37.8,37.8,26.0,26.8,26.3,21.4667,21.5,21.5,18.3667,18.4,18.4333
LV,18.3,18.3,18.3,30.2,19.1,16.0,28.2,28.2,28.2,12.3,12.7,12.8,43.8,43.9,44.0,19.8,19.9,19.9
ME,16.525,27.0889,27.0889,34.3,28.0556,24.1778,35.3444,35.3444,35.3444,11.6,11.5,11.5,14.5,14.4,14.1,36.55,37.3667,40.2167
MK,16.4,25.2,25.2,33.9,27.15,20.8,20.25,20.25,20.25,13.0,13.15,12.75,14.5,14.4,14.1,15.5,15.6,15.6
MT,18.9208,25.45,25.45,33.65,28.85,21.95,39.0,39.0,39.0,16.1,16.2,16.3,17.65,17.6,17.4,15.25,15.35,15.325
NL,53.4,53.4,53.4,25.7,25.7,25.7,61.8,61.8,61.8,55.1,42.1,41.1,23.9,23.7,23.8,49.1,49.6,48.3
NO,0.1,0.1,0.1,21.06,16.84,18.24,60.45,60.45,60.45,30.55,27.25,28.7,35.9,35.95,36.2,20.05,20.15,20.15
PL,29.5,29.5,29.5,30.2,19.1,16.0,46.0,46.0,46.0,14.2,12.6,12.3,43.8,43.9,44.0,19.8,19.9,19.9
PT,25.9,26.7,26.7,36.3,36.3,36.3,26.3,19.9,19.9,14.3,22.9,26.1,8.1,8.4,10.0,16.8,16.8,16.8
RO,16.4,34.0,34.0,6.7,7.2,6.0,24.7,24.7,24.7,8.5,8.7,8.7,16.6,16.6,16.6,16.6,16.6,16.5
RS,16.4,27.6667,27.6667,18.4,16.8667,16.9333,24.5333,24.5333,24.5333,12.975,12.85,12.875,14.5,14.4,14.1,26.3,26.7333,28.1333
SE,0.1,0.1,0.1,21.06,16.84,18.24,22.8,22.8,22.8,16.8,14.2,14.2,29.8,29.6,29.3,15.5,15.7,15.9
SI,16.9,22.1333,22.1333,20.6667,20.2333,21.3333,37.6,37.6,37.6,15.05,20.2,21.3,17.3,17.3,17.3,30.9,31.5,33.6
SK,15.9,15.9,15.9,11.8,10.0,1.0,18.8,18.8,18.8,9.7,9.2,9.0,23.8,23.7,22.8,15.0,15.0,14.9
XK,16.4,26.7889,26.7889,34.7333,27.7056,21.3111,27.9278,27.9278,27.9278,13.4188,13.675,13.3562,14.5,14.4,14.1,20.9,21.1667,21.8667
