country,Dedicated_perennials_miscanthus_switchgrass_RCG_2020,Dedicated_perennials_miscanthus_switchgrass_RCG_2030,Dedicated_perennials_miscanthus_switchgrass_RCG_2050,Willow_2020,Willow_2030,Willow_2050,Poplar_2020,Poplar_2030,Poplar_2050
AL,3.0,2.8,3.4,7.6,8.1,7.5,7.9,7.5,8.9
AT,4.9,4.6,5.0,9.8,9.3,10.7,14.25,13.55,13.2
BA,3.6,2.8,3.9,7.4,7.2333,7.0833,9.1,7.5,10.1
BE,5.7,5.0,5.7,9.7,8.3,10.6,13.2,11.5,11.1
BG,2.9,3.0,2.8,7.6,8.1,7.5,11.7,10.9,11.9
CH,6.0,5.625,5.575,10.7333,9.5667,9.8333,15.75,14.85,14.4
CY,5.5,5.2,5.3,7.6,8.1,7.5,13.0,12.3,12.7
CZ,3.2,2.9,2.9,7.6,6.7,6.4,13.725,12.525,12.15
DE,6.0,5.4,5.1,11.8,10.3,10.0,13.2,11.5,11.1
DK,9.7,10.0,6.2,17.8,18.8,11.6,13.2,11.5,11.1
EE,3.0,3.0,3.3,7.9,8.0,8.9,13.2,11.5,11.1
ES,7.4,6.7,6.5,10.6,9.1,8.8,16.7,15.3,14.8
FI,5.4,5.0,4.6,13.5,12.4,11.8,13.2,11.5,11.1
FR,5.6,5.0,4.8,10.6,9.1,8.8,13.2,11.5,11.1
GB,7.4,6.7,6.8,10.4,8.9,9.9,13.2,11.5,11.1
GR,7.4,8.2,7.8,7.6,8.1,7.5,16.9,16.5,15.5
HR,3.44,2.98,3.5,7.5,7.2,7.0,9.375,8.15,9.75
HU,2.9,2.8,2.8,7.5,7.2,7.0,9.65,8.2,9.4
IE,4.9,5.0,5.1,9.9,10.2,10.8,13.2,11.5,11.1
IS,5.45,5.95,6.25,11.825,10.85,11.9,13.2,11.5,11.1
IT,7.5,7.5,7.4,10.2,9.2,9.75,18.3,18.2,17.7
LT,2.4,2.1,2.7,6.9,6.2,8.0,13.2,11.5,11.1
LU,5.7667,5.1333,5.2,10.7,9.2333,9.8,13.2,11.5,11.1
LV,2.5,2.1,3.1,7.1,5.9,8.6,13.2,11.5,11.1
ME,3.6,3.4,3.9,7.4,7.2333,7.0833,9.1,8.7,10.1
MK,3.6,3.4,3.9,7.6,8.1,7.5,9.1,8.7,10.1
MT,5.25,5.15,5.4,8.9,8.65,8.625,13.1,12.85,13.3
NL,8.4,7.7,7.2,15.1,13.5,12.9,13.2,11.5,11.1
NO,6.0,6.9,7.4,13.75,11.5,13.0,13.2,11.5,11.1
PL,4.2,3.7,3.7,8.9,7.8,7.9,13.2,11.5,11.1
PT,4.6,4.3,4.3,10.6,9.1,8.8,11.4,10.9,10.2
RO,2.6,2.5,2.6,6.8,6.5,7.0,9.1,7.5,10.1
RS,3.6,2.8,3.9,7.3,7.2667,7.1667,9.1,7.5,10.1
SE,8.0,7.4,7.3,14.0,13.0,13.2,13.2,11.5,11.1
SI,3.5,3.1,3.0,8.65,8.25,8.85,10.2,8.9,8.7
SK,3.0,2.7,3.5,7.1,6.0,8.1,11.95,10.875,11.3
XK,3.45,3.1,3.775,7.45,7.6833,7.3333,8.8,8.1,9.8
