country,bioethanol_2010,bioethanol_2030,bioethanol_2050,biodiesel_2010,biodiesel_2030,biodiesel_2050,solid biomass_2020,solid biomass_2030,solid biomass_2050,solid biomass price_2020,solid biomass price_2030,solid biomass price_2040,solid biomass price_2050
AL,0.097939,0.10463,0.099155,0.094155,0.094155,0.094155,0.0558,0.05616,0.05616,49.705201,46.108511,49.292409,48.480612
AT,0.064481,0.056573,0.056573,0.050699,0.050699,0.050699,0.054,0.054,0.05364,49.705201,46.108511,49.292409,48.480612
BA,0.070564,0.069956,0.069956,0.080917,0.080917,0.080917,0.13158,0.13452,0.14478,49.705201,46.108511,49.292409,48.480612
BE,0.158162,0.163028,0.159987,0.091258,0.091258,0.091258,0.05904,0.05904,0.05904,49.705201,46.108511,49.292409,48.480612
BG,0.060223,0.055357,0.055965,0.003621,0.003621,0.003621,0.0558,0.05616,0.05616,49.705201,46.108511,49.292409,48.480612
CH,0.09216,0.078016,0.076648,0.063796,0.063796,0.063796,0.06444,0.06456,0.06456,49.705201,46.108511,49.292409,48.480612
CY,0.079081,0.079993,0.07756,0.048888,0.048888,0.048888,0.0558,0.05616,0.05616,49.705201,46.108511,49.292409,48.480612
CZ,0.082122,0.072389,0.071173,0.067116,0.067116,0.067116,0.05184,0.05148,0.05112,49.705201,46.108511,49.292409,48.480612
DE,0.09733,0.04684,0.040757,0.046836,0.046836,0.046836,0.08532,0.08496,0.08532,49.705201,46.108511,49.292409,48.480612
DK,0.097939,0.125921,0.135046,0.078704,0.078704,0.078704,0.0558,0.05652,0.05724,49.705201,46.108511,49.292409,48.480612
EE,0.237243,0.166678,0.164245,0.100915,0.100915,0.100915,0.07128,0.07164,0.07164,49.705201,46.108511,49.292409,48.480612
ES,0.086989,0.06874,0.079689,0.063495,0.048043,0.048043,0.06048,0.06048,0.06048,49.705201,46.108511,49.292409,48.480612
FI,0.269483,0.245151,0.262792,0.236837,0.236837,0.236837,0.08856,0.08856,0.08784,49.705201,46.108511,49.292409,48.480612
FR,0.108888,0.116188,0.110105,0.063495,0.063495,0.063495,0.054,0.05472,0.05472,49.705201,46.108511,49.292409,48.480612
GB,0.06874,0.070564,0.070564,0.049733,0.049733,0.049733,0.08856,0.08856,0.08784,49.705201,46.108511,49.292409,48.480612
GR,0.097939,0.10463,0.099155,0.094155,0.094155,0.094155,0.0558,0.05616,0.05616,49.705201,46.108511,49.292409,48.480612
HR,0.070564,0.069956,0.069956,0.102605,0.102605,0.102605,0.16848,0.1728,0.18828,49.705201,46.108511,49.292409,48.480612
HU,0.133221,0.134438,0.134438,0.114435,0.114435,0.114435,0.16848,0.1728,0.18828,49.705201,46.108511,49.292409,48.480612
IE,0.083339,0.062048,0.059615,0.080153,0.080153,0.080153,0.08856,0.08856,0.08784,49.705201,46.108511,49.292409,48.480612
IS,0.13459,0.113907,0.117101,0.113047,0.113047,0.113047,0.08037,0.08055,0.08019,49.705201,46.108511,49.292409,48.480612
IT,0.097939,0.092464,0.099155,0.094155,0.094155,0.094155,0.054,0.05436,0.05418,49.705201,46.108511,49.292409,48.480612
LT,0.038324,0.037716,0.03954,0.064943,0.064943,0.064943,0.07128,0.07164,0.07164,49.705201,46.108511,49.292409,48.480612
LU,0.158162,0.163028,0.159987,0.091258,0.091258,0.091258,0.06612,0.06624,0.06636,49.705201,46.108511,49.292409,48.480612
LV,0.074823,0.077256,0.077864,0.068082,0.068082,0.068082,0.07128,0.07164,0.07164,49.705201,46.108511,49.292409,48.480612
ME,0.070564,0.069956,0.069956,0.08533,0.08533,0.08533,0.13158,0.13452,0.14478,49.705201,46.108511,49.292409,48.480612
MK,0.079081,0.079993,0.07756,0.048888,0.048888,0.048888,0.0558,0.05616,0.05616,49.705201,46.108511,49.292409,48.480612
MT,0.097939,0.098547,0.099155,0.094155,0.094155,0.094155,0.0549,0.05526,0.05517,49.705201,46.108511,49.292409,48.480612
NL,0.335181,0.2561,0.250017,0.1492,0.1492,0.1492,0.17676,0.17856,0.17388,49.705201,46.108511,49.292409,48.480612
NO,0.18584,0.165766,0.174586,0.145941,0.145941,0.145941,0.07218,0.07254,0.07254,49.705201,46.108511,49.292409,48.480612
PL,0.086381,0.076648,0.074823,0.111055,0.111055,0.111055,0.07128,0.07164,0.07164,49.705201,46.108511,49.292409,48.480612
PT,0.086989,0.139304,0.15877,0.063495,0.048043,0.048043,0.06048,0.06048,0.06048,49.705201,46.108511,49.292409,48.480612
RO,0.051707,0.052923,0.052923,0.059632,0.059632,0.059632,0.05976,0.05976,0.0594,49.705201,46.108511,49.292409,48.480612
RS,0.078929,0.078168,0.078321,0.059229,0.059229,0.059229,0.09468,0.09624,0.10128,49.705201,46.108511,49.292409,48.480612
SE,0.102197,0.086381,0.086381,0.055045,0.055045,0.055045,0.0558,0.05652,0.05724,49.705201,46.108511,49.292409,48.480612
SI,0.091551,0.12288,0.129571,0.090775,0.090775,0.090775,0.11124,0.1134,0.12096,49.705201,46.108511,49.292409,48.480612
SK,0.059007,0.055965,0.054748,0.045388,0.045388,0.045388,0.054,0.054,0.05364,49.705201,46.108511,49.292409,48.480612
XK,0.081629,0.083187,0.081248,0.067424,0.067424,0.067424,0.07524,0.0762,0.07872,49.705201,46.108511,49.292409,48.480612
